{
    "name": "root",
    "metadata": {
        "timer_format_version": "0.1.0",
        "start_time_seconds": "1611290773",
        "python_version": "3.7.3 (default, May 29 2020, 15:28:38) \n[Clang 11.0.3 (clang-1103.0.32.62)]",
        "command_line_arguments": "/Users/kreuzkummelll/Developer/GameDev/MyMLAgents/python_mlagents_env/first_ml_env/bin/mlagents-learn trainer_config.yaml --resume --run-id knight_goals_01",
        "mlagents_version": "0.17.0",
        "mlagents_envs_version": "0.17.0",
        "communication_protocol_version": "1.0.0",
        "tensorflow_version": "2.2.0",
        "end_time_seconds": "1611291129"
    },
    "total": 355.90979311,
    "count": 1,
    "self": 0.005948423999996066,
    "children": {
        "run_training.setup": {
            "total": 0.007527870000000103,
            "count": 1,
            "self": 0.007527870000000103
        },
        "TrainerController.start_learning": {
            "total": 355.896316816,
            "count": 1,
            "self": 6.0285738860004585,
            "children": {
                "TrainerController._reset_env": {
                    "total": 6.8598098400000005,
                    "count": 1,
                    "self": 6.8598098400000005
                },
                "TrainerController.advance": {
                    "total": 342.7307467939995,
                    "count": 14059,
                    "self": 0.1430320089984889,
                    "children": {
                        "env_step": {
                            "total": 342.587714785001,
                            "count": 14059,
                            "self": 330.2750912890027,
                            "children": {
                                "SubprocessEnvManager._take_step": {
                                    "total": 12.153662345998551,
                                    "count": 14059,
                                    "self": 0.39183594799842325,
                                    "children": {
                                        "NNPolicy.evaluate": {
                                            "total": 11.761826398000128,
                                            "count": 12080,
                                            "self": 11.761826398000128
                                        }
                                    }
                                },
                                "workers": {
                                    "total": 0.15896114999975453,
                                    "count": 14058,
                                    "self": 0.0,
                                    "children": {
                                        "worker_root": {
                                            "total": 294.89548852399935,
                                            "count": 14058,
                                            "is_parallel": true,
                                            "self": 39.192988948999584,
                                            "children": {
                                                "run_training.setup": {
                                                    "total": 0.0,
                                                    "count": 0,
                                                    "is_parallel": true,
                                                    "self": 0.0,
                                                    "children": {
                                                        "steps_from_proto": {
                                                            "total": 0.0010523080000002238,
                                                            "count": 1,
                                                            "is_parallel": true,
                                                            "self": 0.00021170099999778813,
                                                            "children": {
                                                                "_process_vector_observation": {
                                                                    "total": 0.0008406070000024357,
                                                                    "count": 14,
                                                                    "is_parallel": true,
                                                                    "self": 0.0008406070000024357
                                                                }
                                                            }
                                                        },
                                                        "UnityEnvironment.step": {
                                                            "total": 0.0822355770000005,
                                                            "count": 1,
                                                            "is_parallel": true,
                                                            "self": 0.00011982000000188009,
                                                            "children": {
                                                                "UnityEnvironment._generate_step_input": {
                                                                    "total": 9.503999999971313e-05,
                                                                    "count": 1,
                                                                    "is_parallel": true,
                                                                    "self": 9.503999999971313e-05
                                                                },
                                                                "communicator.exchange": {
                                                                    "total": 0.0814716139999998,
                                                                    "count": 1,
                                                                    "is_parallel": true,
                                                                    "self": 0.0814716139999998
                                                                },
                                                                "steps_from_proto": {
                                                                    "total": 0.0005491029999991071,
                                                                    "count": 1,
                                                                    "is_parallel": true,
                                                                    "self": 0.00013717499999721383,
                                                                    "children": {
                                                                        "_process_vector_observation": {
                                                                            "total": 0.0004119280000018932,
                                                                            "count": 14,
                                                                            "is_parallel": true,
                                                                            "self": 0.0004119280000018932
                                                                        }
                                                                    }
                                                                }
                                                            }
                                                        }
                                                    }
                                                },
                                                "UnityEnvironment.step": {
                                                    "total": 255.70249957499976,
                                                    "count": 14057,
                                                    "is_parallel": true,
                                                    "self": 1.7139487219986336,