{
    "name": "root",
    "gauges": {
        "HeroKnightBrain.Policy.Entropy.mean": {
            "value": 1.4167015552520752,
            "min": 1.4167015552520752,
            "max": 1.4167015552520752,
            "count": 1
        },
        "HeroKnightBrain.Policy.ExtrinsicValueEstimate.mean": {
            "value": 0.23594766855239868,
            "min": 0.23594766855239868,
            "max": 0.23594766855239868,
            "count": 1
        },
        "HeroKnightBrain.Policy.CuriosityValueEstimate.mean": {
            "value": 0.3331356644630432,
            "min": 0.3331356644630432,
            "max": 0.3331356644630432,
            "count": 1
        },
        "HeroKnightBrain.Environment.EpisodeLength.mean": {
            "value": 238.7058823529412,
            "min": 238.7058823529412,
            "max": 238.7058823529412,
            "count": 1
        },
        "HeroKnightBrain.Environment.CumulativeReward.mean": {
            "value": 1.1860517155040393,
            "min": 1.1860517155040393,
            "max": 1.1860517155040393,
            "count": 1
        },
        "HeroKnightBrain.Policy.ExtrinsicReward.mean": {
            "value": 1.1860517155040393,
            "min": 1.1860517155040393,
            "max": 1.1860517155040393,
            "count": 1
        },
        "HeroKnightBrain.Policy.CuriosityReward.mean": {
            "value": 0.0,
            "min": 0.0,
            "max": 0.0,
            "count": 1
        },
        "HeroKnightBrain.IsTraining.mean": {
            "value": 1.0,
            "min": 1.0,
            "max": 1.0,
            "count": 1
        }
    },
    "metadata": {
        "timer_format_version": "0.1.0",
        "start_time_seconds": "1611304842",
        "python_version": "3.7.3 (default, May 29 2020, 15:28:38) \n[Clang 11.0.3 (clang-1103.0.32.62)]",
        "command_line_arguments": "/Users/kreuzkummelll/Developer/GameDev/MyMLAgents/python_mlagents_env/first_ml_env/bin/mlagents-learn trainer_config.yaml --resume --run-id knight_goals_05",
        "mlagents_version": "0.17.0",
        "mlagents_envs_version": "0.17.0",
        "communication_protocol_version": "1.0.0",
        "tensorflow_version": "2.2.0",
        "end_time_seconds": "1611304976"
    },
    "total": 134.216117636,
    "count": 1,
    "self": 0.004544170000002623,
    "children": {
        "run_training.setup": {
            "total": 0.00759155300000014,
            "count": 1,
            "self": 0.00759155300000014
        },
        "TrainerController.start_learning": {
            "total": 134.203981913,
            "count": 1,
            "self": 3.566011802000503,
            "children": {
                "TrainerController._reset_env": {
                    "total": 13.257091094,
                    "count": 1,
                    "self": 13.257091094
                },
                "TrainerController.advance": {
                    "total": 116.9655146959995,
                    "count": 5885,
                    "self": 0.05424801499945886,
                    "children": {
                        "env_step": {
                            "total": 116.91126668100004,
                            "count": 5885,
                            "self": 111.32743435799946,
                            "children": {
                                "SubprocessEnvManager._take_step": {
                                    "total": 5.522577189000586,
                                    "count": 5885,
                                    "self": 0.1625105080008673,
                                    "children": {
                                        "NNPolicy.evaluate": {
                                            "total": 5.360066680999719,
                                            "count": 5829,
                                            "self": 5.360066680999719
                                        }
                                    }
                                },
                                "workers": {
                                    "total": 0.06125513399998539,
                                    "count": 5884,
                                    "self": 0.0,
                                    "children": {
                                        "worker_root": {
                                            "total": 133.2906064250008,
                                            "count": 5884,
                                            "is_parallel": true,
                                            "self": 27.256657328000756,
                                            "children": {
                                                "run_training.setup": {
                                                    "total": 0.0,
                                                    "count": 0,
                                                    "is_parallel": true,
                                                    "self": 0.0,
                                                    "children": {
                                                        "steps_from_proto": {
                                                            "total": 0.0012222849999989904,
                                                            "count": 1,
                                                            "is_parallel": true,
                                                            "self": 0.00027423500000089973,
                                                            "children": {
                                                                "_process_vector_observation": {
                                                                    "total": 0.0009480499999980907,
                                                                    "count": 18,
                                                                    "is_parallel": true,
                                                                    "self": 0.0009480499999980907
                                                                }
                                                            }
                                                        },
                                                        "UnityEnvironment.step": {
                                                            "total": 0.03693837299999814,
                                                            "count": 1,
                                                            "is_parallel": true,
                                                            "self": 0.00016458099999638875,
                                                            "children": {
                                                                "UnityEnvironment._generate_step_input": {
                                                                    "total": 9.311499999853368e-05,
                                                                    "count": 1,
                                                                    "is_parallel": true,
                                                                    "self": 9.311499999853368e-05
                                                                },
                                                                "communicator.exchange": {
                                                                    "total": 0.03598104699999993,
                                                                    "count": 1,
                                                                    "is_parallel": true,
                                                                    "self": 0.03598104699999993
                                                                },
                                                                "steps_from_proto": {
                                                                    "total": 0.0006996300000032818,
                                                                    "count": 1,