Steps,Policy/Entropy,Environment/Episode Length,Policy/Extrinsic Value Estimate,Policy/Curiosity Value Estimate,Environment/Cumulative Reward,Policy/Extrinsic Reward,Policy/Curiosity Reward,Is Training
10000,1.4189385,63.1566265060241,0.53459436,-0.22494574,-2.893454733418255,-2.893454733418255,0.0,1.0
20000,1.4200952,75.62878787878788,0.39426228,-0.13765754,-2.4312399515148364,-2.4312399515148364,2.8106392019456536,1.0
30000,1.4204264,82.83050847457628,0.04802823,0.56356496,-2.453133337137078,-2.453133337137078,1.9929752990979106,1.0
40000,1.4199607,97.38613861386139,-0.24099496,0.9405056,-1.8423098287369946,-1.8423098287369946,1.5902243810014265,1.0
50000,1.4197158,154.75384615384615,-0.43354446,1.1029034,-0.8707106297370046,-0.8707106297370046,1.8200587890169118,1.0
60000,1.419374,177.7962962962963,-0.53119624,1.1179065,0.14955662797998498,0.14955662797998498,1.7337945518256337,1.0
